{"cameraMode":{"drawMode":0,"name":"Shaded","section":"Shading Mode"},"sceneLighting":true,"audioPlay":false,"sceneViewState":{"m_AlwaysRefresh":false,"showFog":true,"showSkybox":true,"showFlares":true,"showImageEffects":true,"showParticleSystems":true,"showVisualEffectGraphs":true,"m_FxEnabled":true},"in2DMode":false,"pivot":{"x":1.0295387506484986,"y":1.496322751045227,"z":-1.0597301721572877},"rotation":{"x":-0.20243483781814576,"y":0.3060360550880432,"z":-0.06676919758319855,"w":-0.9278510212898254},"size":0.007395029067993164,"orthographic":false}